{"dirichlet": [3.2240296602249146, 2.3836909532546997, 2.719400405883789, 3.0231035351753235, 3.696759819984436, 4.105174422264099, 4.7153050899505615, 5.016456067562103, 5.6285765171051025, 6.1106178760528564, 6.864177584648132, 6.975001096725464, 7.0355247259140015, 7.629762411117554, 8.187756299972534, 8.225700974464417, 9.264711022377014, 10.293402433395386, 10.215609073638916, 11.26121175289154, 11.014596939086914, 11.93137788772583, 12.345584392547607, 11.576680421829224, 13.568684101104736, 15.20887303352356, 16.339274644851685, 19.838112592697144, 22.104410648345947, 25.231662034988403], "distance": [38.3953332901001, 42.304874420166016, 47.08522033691406, 57.77517318725586, 72.42488384246826, 85.46122932434082, 97.27044868469238, 109.11225891113281, 121.95206260681152, 142.22313117980957, 158.2282943725586, 163.28339385986328, 159.22197914123535, 164.96024703979492, 173.6136817932129, 177.59233474731445, 191.38853454589844, 209.92219161987305, 203.44487380981445, 216.10881423950195, 208.6618766784668, 221.20292282104492, 223.88656616210938, 214.61980056762695, 241.9547348022461, 266.8701934814453, 284.444149017334, 350.7572937011719, 408.78297424316406, 449.5538101196289]}