{"dirichlet": [0.21303151571191847, 0.10352661380238715, 0.0397820011394856, 0.028612850254148725, 0.015280611699381552, 0.01339755875596893, 0.013909961047431807, 0.015909863708372995, 0.02412229944206956, 0.03280587335711971, 0.04899485101122991, 0.06310525653270815, 0.07409011747222394, 0.06307660518723424, 0.05884046429241607, 0.06315985773017019, 0.06888827557895638, 0.08870487296144347, 0.08123486260046775, 0.06631286289484706, 0.07587635383970337, 0.08853971475036815, 0.16938773542642593, 0.4580499529838562, 0.8179094269871712, 1.1658626273274422, 1.4744792208075523, 1.6166290119290352, 1.5364528074860573, 2.066417820751667], "distance": [5.010192707180977, 2.347689604401239, 0.9801383326316682, 0.5510598966327507, 0.28278410267193976, 0.17334679538407727, 0.1213123547640862, 0.11073320531340869, 0.14572395721097564, 0.19660818041666062, 0.2895209670150507, 0.3710905281823216, 0.445517378677323, 0.3815157898970938, 0.35142796941181587, 0.3748823397254455, 0.41548435944605444, 0.5204086040102993, 0.48742465875693597, 0.3918122610048158, 0.4528059394506272, 0.5306465470348485, 0.9978257119655609, 2.6650272011756897, 4.758688122034073, 6.881167888641357, 8.596761733293533, 10.181406497955322, 9.719880402088165, 17.892026633024216]}