{"dirichlet": [0.0051567008486017585, 0.0001098827924579382, 2.6942343311020522e-05, 2.352795149818121e-05, 3.1838288578001084e-05, 1.4813552638770489e-05, 1.949675379364635e-05, 1.559173847454076e-05, 1.7757018895281362e-05, 1.7456373257118685e-05, 1.7138781231551548e-05, 2.9356367122090887e-05, 3.7261339457472786e-05, 3.079860016441671e-05, 6.637887281613075e-05, 0.00012797962699551135, 0.00022203029766387772, 0.0002033585260505788, 0.004818316081582452, 0.0185437262753112, 0.06316906586289406, 0.18902257457375526, 0.35559476912021637, 0.7346574664115906, 0.9034682810306549, 1.1431849598884583, 1.1465068459510803, 1.5200394690036774, 1.6967581510543823, 3.69662868976593], "distance": [0.11050986498594284, 0.0021285031107254326, 0.00015789309691172093, 0.00013496203064278234, 0.00018227362397738034, 8.07260248620878e-05, 0.00011181766967638396, 8.965371307567693e-05, 0.00010205198304902297, 0.00010010816777139553, 9.8403254924051e-05, 0.00016369019976991694, 0.00020834315728279762, 0.00017694843518256675, 0.0003728579104063101, 0.0007352610955422278, 0.0012749616216751747, 0.001165358793514315, 0.028379588256939314, 0.11114729764813092, 0.36350639909505844, 1.0899375081062317, 2.063789665699005, 4.273287534713745, 5.299597263336182, 6.432435989379883, 6.992014646530151, 9.369989156723022, 11.981825351715088, 30.97120761871338]}